{
  "project_info": {
    "project_number": "530001879746",
    "project_id": "fir-android-82837",
    "storage_bucket": "fir-android-82837.appspot.com"
  },
  "client": [
    {
      "client_info": {
        "mobilesdk_app_id": "1:530001879746:android:1c9d7e3f8cb0ba3145d15b",
        "android_client_info": {
          "package_name": "com.example.firebase_conexion"
        }
      },
      "oauth_client": [
        {
          "client_id": "530001879746-ge6ss4scfod6a2eogv91kp4fn4l5sip4.apps.googleusercontent.com",
          "client_type": 3
        }
      ],
      "api_key": [
        {
          "current_key": "AIzaSyDGhGjm2ttSTgX_oC7Dpc5BF0rDiLgasgk"
        }
      ],
      "services": {
        "appinvite_service": {
          "other_platform_oauth_client": [
            {
              "client_id": "530001879746-ge6ss4scfod6a2eogv91kp4fn4l5sip4.apps.googleusercontent.com",
              "client_type": 3
            }
          ]
        }
      }
    }
  ],
  "configuration_version": "1"
}